{"options":{"awareOfChrome":false,"check_for_updates":true,"comment":null,"compat_arrayleft":false,"compat_foreach":false,"compat_forvarin":false,"compat_metadata":false,"compat_uW_gmonkey":false,"compat_wrappedjsobject":false,"compatopts_for_requires":true,"noframes":null,"override":{"merge_connects":true,"merge_excludes":true,"merge_includes":true,"merge_matches":true,"orig_connects":[],"orig_excludes":["http://image.cnki.net/*"],"orig_includes":["http://*.cnki.net/*","http://*.cnki.net.*/*","*/kns/brief/*","*/kns55/brief/*","*/grid2008/brief/*","*/detail/detail.aspx*"],"orig_matches":[],"orig_noframes":null,"orig_run_at":"document-idle","use_blockers":[],"use_connects":[],"use_excludes":[],"use_includes":[],"use_matches":[]},"run_at":null},"settings":{"enabled":true,"position":7},"meta":{"name":"CNKI 中国知网 PDF 全文下载（特制版）","uuid":"97b3cf01-4a68-411e-81d4-e87960ad109c","modified":1553144965772,"file_url":"https://greasyfork.org/scripts/18842-cnki-%E4%B8%AD%E5%9B%BD%E7%9F%A5%E7%BD%91-pdf-%E5%85%A8%E6%96%87%E4%B8%8B%E8%BD%BD-%E7%89%B9%E5%88%B6%E7%89%88/code/CNKI%20%E4%B8%AD%E5%9B%BD%E7%9F%A5%E7%BD%91%20PDF%20%E5%85%A8%E6%96%87%E4%B8%8B%E8%BD%BD%EF%BC%88%E7%89%B9%E5%88%B6%E7%89%88%EF%BC%89.user.js"}}