{"options":{"check_for_updates":true,"comment":null,"compatopts_for_requires":true,"compat_wrappedjsobject":false,"compat_metadata":false,"compat_foreach":false,"compat_arrayleft":false,"compat_uW_gmonkey":false,"compat_forvarin":false,"noframes":null,"awareOfChrome":false,"run_at":null,"override":{"merge_connects":true,"merge_excludes":true,"merge_includes":true,"merge_matches":true,"orig_connects":["www.google.com","www.google.com.hk","www.google.co.jp","ipv4.google.com","image.baidu.com","www.tineye.com"],"orig_excludes":["http://www.toodledo.com/tasks/*","http*://maps.google.com*/*","*://www.google.*/_/chrome/newtab*"],"orig_includes":["http://*","https://*"],"orig_matches":[],"orig_noframes":null,"orig_run_at":"document-end","use_blockers":[],"use_connects":[],"use_excludes":[],"use_includes":[],"use_matches":[]}},"settings":{"enabled":true,"position":17},"meta":{"name":"Picviewer CE+","uuid":"89febe0c-2299-4086-9266-e75a33d871cf","modified":1553327966038,"file_url":"https://greasyfork.org/scripts/24204-picviewer-ce/code/Picviewer%20CE+.user.js"}}