{"options":{"awareOfChrome":false,"check_for_updates":true,"comment":null,"compat_arrayleft":false,"compat_foreach":false,"compat_forvarin":false,"compat_metadata":false,"compat_uW_gmonkey":false,"compat_wrappedjsobject":false,"compatopts_for_requires":true,"noframes":null,"override":{"merge_connects":true,"merge_excludes":true,"merge_includes":true,"merge_matches":true,"orig_connects":["www.zhihu.com"],"orig_excludes":[],"orig_includes":["*://www.zhihu.com/*"],"orig_matches":[],"orig_noframes":null,"orig_run_at":"document-idle","use_blockers":[],"use_connects":[],"use_excludes":[],"use_includes":[],"use_matches":[]},"run_at":null},"settings":{"enabled":true,"position":26},"meta":{"name":"Zhihu Visitor","uuid":"a461158d-4b7b-42f5-965e-788f637b4dbb","modified":1553145829569,"file_url":"https://tiansh.github.io/us-else/zhihu_visitor/Zhihu_Visitor.user.js"}}