{"options":{"check_for_updates":true,"comment":null,"compatopts_for_requires":true,"compat_wrappedjsobject":false,"compat_metadata":false,"compat_foreach":false,"compat_arrayleft":false,"compat_uW_gmonkey":false,"compat_forvarin":false,"noframes":null,"awareOfChrome":false,"run_at":null,"override":{"merge_connects":true,"merge_excludes":true,"merge_includes":true,"merge_matches":true,"orig_connects":[],"orig_excludes":["http*://bangumi.bilibili.com/movie/"],"orig_includes":["http*://www.bilibili.com/video/av*","http*://www.bilibili.com/watchlater/*","http*://www.bilibili.com/medialist/play/*","http*://www.bilibili.com/bangumi/play/ep*","http*://www.bilibili.com/bangumi/play/ss*","http*://bangumi.bilibili.com/anime/*/play*","http*://bangumi.bilibili.com/movie/*"],"orig_matches":[],"orig_noframes":null,"orig_run_at":"document-end","use_blockers":[],"use_connects":[],"use_excludes":[],"use_includes":[],"use_matches":[]}},"settings":{"enabled":true,"position":28},"meta":{"name":"哔哩哔哩（bilibili.com）播放器调整R（ver.stardust）","uuid":"3124e6b4-c2e1-404e-8ed2-078f108a8f73","modified":1553417973293,"file_url":"https://greasyfork.org/scripts/371672-%E5%93%94%E5%93%A9%E5%93%94%E5%93%A9-bilibili-com-%E6%92%AD%E6%94%BE%E5%99%A8%E8%B0%83%E6%95%B4r-ver-stardust/code/%E5%93%94%E5%93%A9%E5%93%94%E5%93%A9%EF%BC%88bilibilicom%EF%BC%89%E6%92%AD%E6%94%BE%E5%99%A8%E8%B0%83%E6%95%B4R%EF%BC%88verstardust%EF%BC%89.user.js"}}