{"options":{"awareOfChrome":false,"check_for_updates":true,"comment":null,"compat_arrayleft":false,"compat_foreach":false,"compat_forvarin":false,"compat_metadata":false,"compat_uW_gmonkey":false,"compat_wrappedjsobject":true,"compatopts_for_requires":true,"noframes":null,"override":{"merge_connects":true,"merge_excludes":true,"merge_includes":true,"merge_matches":true,"orig_connects":["www.quzhuanpan.com","pan.baidu.com","yun.baidu.com"],"orig_excludes":[],"orig_includes":["*://wenku.baidu.com/view/*","*://api.ebuymed.cn/ext/*","*://www.ebuymed.cn/","*://pan.baidu.com/s/*","*://yun.baidu.com/s/*","*://pan.baidu.com/share/init*","*://yun.baidu.com/share/init*","*://www.zhihu.com/*","*://www.bilibili.com/read/*","*://b.faloo.com/*","*://bbs.coocaa.com/*","*://book.hjsm.tom.com/*","*://book.zhulang.com/*","*://book.zongheng.com/*","*://book.hjsm.tom.com/*","*://chokstick.com/*","*://chuangshi.qq.com/*","*://yunqi.qq.com/*","*://city.udn.com/*","*://cutelisa55.pixnet.net/*","*://huayu.baidu.com/*","*://tiyu.baidu.com/*","*://yd.baidu.com/*","*://yuedu.baidu.com/*","*://imac.hk/*","*://life.tw/*","*://luxmuscles.com/*","*://read.qidian.com/*","*://www.15yan.com/*","*://www.17k.com/*","*://www.18183.com/*","*://www.360doc.com/*","*://www.eyu.com/*","*://www.hongshu.com/*","*://www.coco01.com/*","*://news.missevan.com/*","*://www.hongxiu.com/*","*://www.imooc.com/*","*://www.readnovel.com/*","*://www.tadu.com/*","*://www.jjwxc.net/*","*://www.xxsy.net/*","*://www.z3z4.com/*","*://yuedu.163.com/*"],"orig_matches":[],"orig_noframes":null,"orig_run_at":"document-end","use_blockers":[],"use_connects":[],"use_excludes":[],"use_includes":[],"use_matches":[]},"run_at":null},"settings":{"enabled":true,"position":9},"meta":{"name":"百度文库文档免费下载，文档内容自由复制；解除大部分网站的限制","uuid":"85e9c0d0-e430-436d-8a2c-23a1c34b002d","modified":1553144990805,"file_url":"https://greasyfork.org/scripts/379893-%E7%99%BE%E5%BA%A6%E6%96%87%E5%BA%93%E6%96%87%E6%A1%A3%E5%85%8D%E8%B4%B9%E4%B8%8B%E8%BD%BD-%E6%96%87%E6%A1%A3%E5%86%85%E5%AE%B9%E8%87%AA%E7%94%B1%E5%A4%8D%E5%88%B6-%E8%A7%A3%E9%99%A4%E5%A4%A7%E9%83%A8%E5%88%86%E7%BD%91%E7%AB%99%E7%9A%84%E9%99%90%E5%88%B6/code/%E7%99%BE%E5%BA%A6%E6%96%87%E5%BA%93%E6%96%87%E6%A1%A3%E5%85%8D%E8%B4%B9%E4%B8%8B%E8%BD%BD%EF%BC%8C%E6%96%87%E6%A1%A3%E5%86%85%E5%AE%B9%E8%87%AA%E7%94%B1%E5%A4%8D%E5%88%B6%EF%BC%9B%E8%A7%A3%E9%99%A4%E5%A4%A7%E9%83%A8%E5%88%86%E7%BD%91%E7%AB%99%E7%9A%84%E9%99%90%E5%88%B6.user.js"}}