{"options":{"awareOfChrome":false,"check_for_updates":true,"comment":null,"compat_arrayleft":false,"compat_foreach":false,"compat_forvarin":false,"compat_metadata":false,"compat_uW_gmonkey":false,"compat_wrappedjsobject":false,"compatopts_for_requires":true,"noframes":null,"override":{"merge_connects":true,"merge_excludes":true,"merge_includes":true,"merge_matches":true,"orig_connects":[],"orig_excludes":[],"orig_includes":[],"orig_matches":["*://v.youku.com/v_show/*","*://*.iqiyi.com/v_*","*://*.iqiyi.com/dianying/*","*://*.le.com/ptv/vplay/*","*://v.qq.com/x/cover/*","*://v.qq.com/x/page/*","*://*.tudou.com/listplay/*","*://*.tudou.com/albumplay/*","*://*.tudou.com/programs/view/*","*://*.mgtv.com/b/*","*://*.sohu.com/*","*://item.taobao.com/*","*://detail.tmall.com/*","*://*.acfun.cn/v/*","*://*.bilibili.com/video/*","*://*.bilibili.com/anime/*","*://v.pptv.com/show/*","*://v.yinyuetai.com/video/*","*://v.yinyuetai.com/playlist/*","*://*.wasu.cn/Play/show/*"],"orig_noframes":null,"orig_run_at":"document-end","use_blockers":[],"use_connects":[],"use_excludes":[],"use_includes":[],"use_matches":[]},"run_at":null},"settings":{"enabled":true,"position":3},"meta":{"name":"（4.24更新免广告最新版本）全网 VIP 视频在线解析，接口每日更新,一键免费看爱奇艺/优酷/搜狐/腾讯/芒果/AB站等Vip影视接口多","uuid":"851c2519-5efc-48f6-adf9-b3d6df9b804e","modified":1553144000637,"file_url":"https://openuserjs.org/install/asvideo/%EF%BC%884.24%E6%9B%B4%E6%96%B0%E5%85%8D%E5%B9%BF%E5%91%8A%E6%9C%80%E6%96%B0%E7%89%88%E6%9C%AC%EF%BC%89%E5%85%A8%E7%BD%91_VIP_%E8%A7%86%E9%A2%91%E5%9C%A8%E7%BA%BF%E8%A7%A3%E6%9E%90%EF%BC%8C%E6%8E%A5%E5%8F%A3%E6%AF%8F%E6%97%A5%E6%9B%B4%E6%96%B0,%E4%B8%80%E9%94%AE%E5%85%8D%E8%B4%B9%E7%9C%8B%E7%88%B1%E5%A5%87%E8%89%BA%E4%BC%98%E9%85%B7%E6%90%9C%E7%8B%90%E8%85%BE%E8%AE%AF%E8%8A%92%E6%9E%9CAB%E7%AB%99%E7%AD%89Vip%E5%BD%B1%E8%A7%86%E6%8E%A5%E5%8F%A3%E5%A4%9A.user.js"}}